<?xml version="1.0" encoding="UTF-8"?>
<!DOCTYPE ej2.dtd SYSTEM "ej2.dtd">
<libro Catalogo= "Tankam">
    <título>la calva</título>
    <Seccion>El prólogo</Seccion>
    <SubSeccion>Como llego la calva</SubSeccion>
    <Contenido>
        <Capitulo materia= "xml">
            <Tema>
            Tema: 1 Crea lecturas con XML
            </Tema>
        </Capitulo>
        <Capitulo materia= "xml">
            <Tema>
            Tema: 2 5XML
            </Tema>
        </Capitulo>
        <Separacion>
        </Separacion>
    </Contenido>
    <Separacion></Separacion>
    <Copyright>2035</Copyright>
</libro>