<?xml version="1.0" encoding="UTF-8"?>
<!DOCTYPE ej4.xsd SYSTEM "ej4.xsd">
<shiporder>
    <orderperson>
        <shipto>
            <name>Cacho</name>
            <address>192.168.3.23</address>
            <city>kasukabe</city>
            <country>japan</country>
            <item>
                <name>maleta</name>
                <note>not</note>
                <quantity>alegre</quantity>
                <price>6,05 €</price>
            </item>
        </shipto>
        <orderid>
        42
        </orderid>
    </orderperson>
</shiporder>