<?xml version="1.0" encoding="UTF-8"?>
<!DOCTYPE ex2.xsd SYSTEM "ex2.xsd">

<información>
<Autor>Antoniou, G and F. van Harmelen</Autor>
<Año_de_publicación>2004</Año_de_publicación>
<Titulo>A semantic Web Primer Cambridge</Titulo>
<Editorial>MA: MIT press</Editorial>
</información>
<información>
<Autores>Daconts, M.C., L.J. Orbst, and K.T. Smith</Autores>
<Año_de_publicación>2003</Año_de_publicación>
<Titulo>The semantic Web: A Guide of the future of XML, Web Service, and knowledge Managment</Titulo>
<Editorial>New York: Wiley</Editorial>