<?xml version="1.0" encoding="UTF-8"?>
<tenis>
    <Torneo>
        <Partidos>
            <Partido> 
                <Fecha>
                23/4/2000 12:30
                <Inicio>
                </Inicio>
                <Jugadores>
                    <jugador>Marco Bastani</jugador>
                    <jugador>Moston Filipino</jugador>
                    <Set>Marco Bastini</Set>
                    <Set>Moston Filipino</Set>
                    <Set>Marco Bastini</Set>
                <Fin fecha="23/4/2000 15:46">    
                    <GANADOR>Marco Bastini</GANADOR>
                </Fin>
                </Jugadores>         
            </Partido>
            <Partido>
                <Fecha>
                24/4/2000 16:00
                <Inicio>
                </Inicio>
                <Jugadores>
                    <jugador>Moscorpone Mascarmucho</jugador>
                    <jugador>Asfante Jerfener</jugador>
                    <Set>Asfante Jerfener</Set>
                    <Set>Moscorpone Mascarmucho</Set>
                    <Set>Asfante Jerfener</Set>
                <Fin fecha="24/4/2000 18:42">
                    <GANADOR>Asfante Jerfener</GANADOR>
                </Fin>
               </Jugadores>
            </Partido>
            <Partido>
                <Fecha>
                25/4/2000 12:12
                <Inicio>
                </Inicio>
                <Jugadores>
                    <jugador>Mush Mashoeso</jugador>
                    <jugador>Kentaro Minamoto</jugador>
                    <Set>Kentaro Minamoto</Set>
                    <Set>Kentaro Minamoto</Set>
                    <Set>Kentaro Minamoto</Set>
                <Fin fecha="25/4/2000 14:29">
                    <GANADOR>Kentaro Minamoto</GANADOR>
                    </Fin>
                </Jugadores>
            </Partido>
            <Partido>
                <Fecha>
                26/4/2000 18:01
                <Inicio>
                </Inicio>
                <Jugadores>
                    <jugador>Fernado Torero</jugador>
                    <jugador>Mike Strigen</jugador>
                    <Set>Fernando Torero</Set>
                    <Set>Fernando Torero</Set>
                    <Set>Mike Strigen</Set>
                <Fin fecha="26/4/2000 21:08">
                    <GANADOR>Fernando Torero</GANADOR>
                    </Fin>
                </Jugadores>
            </Partido>
            <Partido>
                <Fecha>
                27/4/2000 16:21
                <Inicio>
                </Inicio>
                <Jugadores>
                    <jugador>Shisho shima</jugador>
                    <jugador>Kom Gum Yanj</jugador>
                    <Set>Shisho Shima</Set>
                    <Set>Kom Gum Yanj</Set>
                    <Set>Shisho shima</Set>
                <Fin fecha="27/4/2000 18:49">
                    <GANADOR>Shisho Shima</GANADOR>
                    </Fin>
                </Jugadores>
            </Partido>
            <Partido>
                <Fecha>
                28/4/2000 13:00
                <Inicio>
                </Inicio>
                <Jugadores>
                    <jugador>Tupako Amanha</jugador>
                    <jugador>Kencho Sakumato</jugador>
                    <Set>Kencho Sakumato</Set>
                    <Set>Kencho Sakumato</Set>
                    <Set>Kencho Sakumato</Set>
                <Fin fecha="28/4/2000 16:06">
                    <GANADOR>Kencho Sakumato</GANADOR>    
                    </Fin>
                </Jugadores>     
            </Partido>
            <Partido>
                <Fecha>
                29/4/2000 9:19
                <Inicio>
                </Inicio>
                <Jugadores>
                    <jugador>Manolo Castañas</jugador>
                    <jugador>Andy Majunes</jugador>
                    <Set>Andy Majunes</Set>
                    <Set>Manolo Castañas</Set>
                    <Set>Andy Majunes</Set>
                <Fin fecha="29/4/2000 11:45">
                    <GANADOR>Andy Majunes</GANADOR>
                    </Fin>
                </Jugadores>
            </Partido>
            <Partido>
                <Fecha>
                30/4/2000 12:00
                <Inicio>
                </Inicio>
                <Jugadores>
                    <jugador>Suzumate Tashikame</jugador>
                    <jugador>Abamma Abahabu</jugador>
                    <Set>Abamma Abahabu</Set>
                    <Set>Suzumate Tashikame</Set>
                    <Set>Suzumate Tashikame</Set>
                <Fin fecha="30/4/2000 14:28">
                    <GANADOR>Suzumate Tashikame</GANADOR>
                    </Fin>
                </Jugadores>
            </Partido>
            <Partido>
                <Fecha>
                2/5/2000 13:06
                <Inicio>
                </Inicio>
                <Jugadores>
                    <jugador>Kimamotu Tatsunoko</jugador>
                    <jugador>Adrino Francestino</jugador>
                    <Set>Adrino Francestino</Set>
                    <Set>Kimamotu Tatsunoko</Set>
                    <Set>Adrino Francestino</Set>
                <Fin fecha="2/5/2000 15:52">
                    <GANADOR>Adrino tashikame</GANADOR>
                    </Fin>
                </Jugadores>
            </Partido>
            <Partido>
                <Fecha>
                3/5/2000 19:30
                <Inicio>
                </Inicio>
                <Jugadores>
                    <jugador>Manolo Cachos</jugador>
                    <jugador>Pelo Pelomucho</jugador>
                    <Set>Manolo Cachos</Set>
                    <Set>Pelo Pelomucho</Set>
                    <Set>Pelo Pelomucho</Set>
                <Fin fecha="3/5/2000 22:00">
                    <GANADOR>Pelo Pelomucho</GANADOR>
                    </Fin>
                </Jugadores>
            </Partido>
        </Partidos> 
    </Torneo>
</tenis>