<?xml version="1.0" encoding="UTF-8"?>
<directorio_de_empresa>
     <edificio>
        <dirección>
         C. Cuesta del alamillo
        <numero_de_plantas>
         3
           <Planta1>
              <Empleado>
               Michel Nicho
                <Puesto>Director de Videojuego</Puesto>
                 <Datos_Personales>
                 Fecha de Nacimiento: 23/04/1997
                 Edad: 24
                 </Datos_Personales>
                <Extensión_Telefónica>
                 Móvil: 969 54 75 80
                 Tel.fijo: 965 43 07 64
                </Extensión_Telefónica>
              </Empleado>
              <Empleado>
               Sisma Grahaka
                <Puesto>Trabajador del laboratorio</Puesto>
                 <Datos_Personales>
                 Fecha de Nacimiento: 05/05/1989
                 Edad: 31
                 </Datos_Personales>
                <Extensión_Telefónica>
                 Móvil: 969 45 71 24
                 Tel.fijo: 968 47 12 36
                </Extensión_Telefónica> 
              </Empleado>
              <Empleado>
               Marco Polo
                <Puesto>Desempleado</Puesto>
                 <Datos_Personales>
                 Fecha de Nacimiento: 23/10/1990
                 Edad: 30
                 </Datos_Personales>
                <Extensión_Telefónica>
                 Móvil: 969 74 12 35
                 Tel.fijo: 967 45 62 35 
                </Extensión_Telefónica> 
              </Empleado>
              <Empleado>
               Franciscay Munrracon
                <Puesto>Aviador</Puesto>
                 <Datos_Personales>
                 Fecha de Nacimiento: 12/01/1995
                 Edad: 26 
                 </Datos_Personales>
                <Extensión_Telefónica>
                 Móvil: 969 84 57 68
                 Tel.fijo: 962 45 21 36
                </Extensión_Telefónica> 
              </Empleado>
              <Empleado>
               Rinaka Licamicha
                <Puesto>Cantante</Puesto>
                 <Datos_Personales>
                 Fecha de Nacimiento: 08/10/1999
                 Edad: 21
                 </Datos_Personales>
                <Extensión_Telefónica>
                 Móvil: 969 75 48 21
                 Tel.fijo: 960 12 24 58
                </Extensión_Telefónica> 
              </Empleado>
           </Planta1>
           <Planta2>
              <Empleado>
               Tumako Sakamoto
                <Puesto>Diseñadora en Videojuegos</Puesto>
                 <Datos_Personales>
                 Fecha de Nacimiento: 12/3/1988
                 Edad: 33
                 </Datos_Personales>
                <Extensión_Telefónica>
                 Móvil: 969 74 21 35
                 Tel.fijo: 968 41 21 35
                </Extensión_Telefónica> 
              </Empleado>
              <Empleado>
               Mojameh Mahama
                <Puesto>Programador</Puesto>
                 <Datos_Personales>
                 Fecha de Nacimiento: 26/5/1980
                 Edad: 40
                 </Datos_Personales>
                <Extensión_Telefónica>
                 Móvil: 969 87 78 45
                 Tel.fijo: 956 12 54 76
                </Extensión_Telefónica> 
              </Empleado>
              <Empleado>
               Joseph Markas
                <Puesto>Tester de Videojuegos</Puesto>
                 <Datos_Personales>
                 Fecha de Nacimiento: 04/01/1991
                 Edad: 30
                 </Datos_Personales>
                <Extensión_Telefónica>
                 Móvil: 969 77 77 77
                 Tel.fijo: 965 75 57 75
                </Extensión_Telefónica> 
              </Empleado>
              <Empleado>
               Maraka Marakasa
                <Puesto>Director de doblaje</Puesto>
                 <Datos_Personales>
                 Fecha de Nacimiento: 09/06/1987
                 Edad: 33
                 </Datos_Personales>
                 <Extensión_Telefónica>
                 Móvil: 968 99 88 79
                 Tel.fijo: 987 45 65 29
                 </Extensión_Telefónica>
              </Empleado>
              <Empleado>
               Tumako Tikachan
                <Puesto>Directora de diseño de Videojuego</Puesto>
                 <Datos_Personales>
                 Fecha de Nacimiento: 05/12/1985
                 Edad: 35
                 </Datos_Personales>
                <Extensión_Telefónica>
                 Móvil: 969 45 21 01
                 Tel.fijo: 964 31 15 82
                </Extensión_Telefónica> 
              </Empleado>
           </Planta2>
           <Planta3>
              <Empleado>
               Carlota Roseta
                <Puesto>Profesora</Puesto>
                 <Datos_Personales>
                 Fecha de Nacimiento: 08/02/1982
                 Edad: 39
                 </Datos_Personales>
                <Extensión_Telefónica>
                 Móvil: 969 08 50 23
                 Tel.fijo: 965 14 25 91
                </Extensión_Telefónica> 
              </Empleado>
              <Empleado>
               Francesco Chensuko
                <Puesto>Panadero</Puesto>
                 <Datos_Personales>
                 Fecha de Nacimiento: 05/07/1989
                 Edad: 31
                 </Datos_Personales>
                <Extensión_Telefónica>
                 Móvil: 969 45 65 27
                 Tel.fijo: 962 51 23 69
                </Extensión_Telefónica> 
              </Empleado>
              <Empleado>
               Kam Jim Mon
                <Puesto>Presidente de Sur Korea</Puesto>
                 <Datos_Personales>
                 Fecha de Nacimiento: 06/06/1986
                 Edad: 35
                 </Datos_Personales>
                <Extensión_Telefónica>
                 Móvil: 969 87 12 54
                 Tel.fijo: 964 12 35 78
                </Extensión_Telefónica> 
              </Empleado>
              <Empleado>
               Suman Sako
                <Puesto>Diseño de Background de Videojuegos</Puesto>
                 <Datos_Personales>
                 Fecha de Nacimiento: 04/06/1996
                 Edad: 24
                 </Datos_Personales>
                <Extensión_Telefónica>
                 Móvil: 969 87 41 51
                 Tel.fijo: 969 00 22 11
                </Extensión_Telefónica> 
              </Empleado>
              <Empleado>
               Makoshito el Chiquito
                <Puesto>Diseñador 3D de Videojuego</Puesto>
                 <Datos_Personales>
                 Fecha de Nacimiento: 12/01/2000
                 Edad: 21
                 </Datos_Personales>
                <Extensión_Telefónica>
                 Móvil: 969 42 15 62
                 Tel.fijo: 965 48 12 36
                </Extensión_Telefónica>
              </Empleado>
           </Planta3>
        </numero_de_plantas>
        </dirección>
     </edificio>
     <edificio>
        <dirección>
         Castroreco del pino
        <numero_de_plantas>
         3
           <Planta1>
              <Empleado>
               Juan Maroto
                <Puesto>Guionista</Puesto>
                 <Datos_Personales>
                 Fecha de Nacimiento: 24/03/2001
                 Edad: 20
                 </Datos_Personales>
                <Extensión_Telefónica>
                 Móvil: 969 78 42 12
                 Tel.fijo: 964 12 38 10
                </Extensión_Telefónica> 
              </Empleado>
              <Empleado>
               Marco Valencio
                <Puesto>Actor</Puesto>
                 <Datos_Personales>
                Fecha de Nacimiento: 15/05/1998
                Edad: 22
                </Datos_Personales>
               <Extensión_Telefónica>
                Móvil: 969 25 48 62
                Tel.fijo: 967 12 36 98
               </Extensión_Telefónica>
              </Empleado>
              <Empleado>
               Dan Rinos
                <Puesto>Diseñador de hardware</Puesto>
                 <Datos_Personales>
                 Fecha de Nacimiento: 30/3/1995
                 Edad: 26
                 </Datos_Personales>
                <Extensión_Telefónica>
                 Móvil: 969 71 12 63
                 Tel.fijo: 960 12 65 48 
                </Extensión_Telefónica>
              </Empleado>
              <Empleado>
               Carrosco Mortodo
                <Puesto>Programador</Puesto>
                 <Datos_Personales>
                 Fecha de Nacimiento: 12/12/1994
                 Edad: 26
                 </Datos_Personales>
                <Extensión_Telefónica>
                 Móvil: 969 87 12 56
                 Tel.fijo: 962 19 37 82
                </Extensión_Telefónica> 
              </Empleado>
              <Empleado>
               Tartos Zacros
                <Puesto>Modelador 3D</Puesto>
                 <Datos_Personales>
                 Fecha de Nacimiento: 23/02/1994
                 Edad: 27
                 </Datos_Personales>
                <Extensión_Telefónica>
                 Móvil: 969 78 42 39
                 Tel.fijo: 969 87 45 35
                </Extensión_Telefónica> 
              </Empleado>
           </Planta1>
           <Planta2>
              <Empleado>
               Rednik Popinski
                <Puesto>Modelador de CGI</Puesto>
                 <Datos_Personales>
                 Fecha de Nacimiento: 05/01/1988
                 Edad: 33
                 </Datos_Personales>
                <Extensión_Telefónica>
                 Móvil: 969 78 12 36
                 Tel.fijo: 963 85 41 98 
              </Empleado>
              <Empleado>
               Samsoko Rapunako
                <Puesto>Creador de Hardware</Puesto>
                 <Datos_Personales>
                 Fecha de Nacimiento: 14/02/1986
                 Edad: 36
                 </Datos_Personales>
                <Extensión_Telefónica>
                 Móvil: 969 71 65 39
                 Tel.fijo: 968 48 26 59
                </Extensión_Telefónica>  
              </Empleado>
              <Empleado>
               Kumo Su Pa
                <Puesto>Desempleado</Puesto>
                 <Datos_Personales>
                 Fecha de Nacimiento: 06/09/1990
                 Edad: 30
                 </Datos_Personales>
                <Extensión_Telefónica>
                 Móvil: 969 75 41 25
                 Tel.fijo: 964 13 65 72
                </Extensión_Telefónica> 
              </Empleado>
              <Empleado>
               Kamuro Simotako
                <Puesto>Dibujante de Videojuego</Puesto>
                 <Datos_Personales>
                 Fecha de Nacimiento: 02/05/1991
                 Edad: 29
                 </Datos_Personales>
                <Extensión_Telefónica>
                 Móvil: 969 10 25 21
                 Tel.fijo: 958 12 68 54
                </Extensión_Telefónica> 
              </Empleado>
              <Empleado>
               Renasa Rekana
                <Puesto>Programador</Puesto>
                 <Datos_Personales>
                 Fecha de Nacimiento: 08/03/2000
                 Edad: 21
                 </Datos_Personales>
                <Extensión_Telefónica>
                 Móvil: 968 78 98 45
                 Tel.fijo: 985 15 65 42
                </Extensión_Telefónica> 
              </Empleado>
           </Planta2>
           <Planta3>
              <Empleado>
               Rem Mollok
                <Puesto>Director de marqueting de Videojuego</Puesto>
                 <Datos_Personales>
                 Fecha de Nacimiento: 09/06/1995
                 Edad: 25
                 </Datos_Personales>
                <Extensión_Telefónica>
                 Móvil: 987 95 48 86
                 Tel.fijo: 954 78 16 85
                </Extensión_Telefónica> 
              </Empleado>
              <Empleado>
               Marcus Rufflan
                <Puesto>Compositor de Videojuego</Puesto>
                 <Datos_Personales>
                 Fecha de Nacimiento: 05/02/1997
                 Edad: 24
                 </Datos_Personales>
                <Extensión_Telefónica>
                 Móvil: 975 75 68 92
                 Tel.fijo: 973 52 04 65
                </Extensión_Telefónica> 
              </Empleado>
              <Empleado>
               Arcane Rezuma
                <Puesto>Desarrollo de negocio de Videojuego</Puesto>
                 <Datos_Personales>
                 Fecha de Nacimiento: 04/11/1996
                 Edad: 24
                 </Datos_Personales>
                <Extensión_Telefónica>
                 Móvil: 958 78 45 56
                 Tel.fijo: 987 75 13 65
                </Extensión_Telefónica> 
              </Empleado>
              <Empleado>
               Karam Maeakan
                <Puesto>Actor</Puesto>
                 <Datos_Personales>
                 Fecha de Nacimiento: 05/02/1992
                 Edad: 29
                 </Datos_Personales>
                <Extensión_Telefónica>
                 Móvil: 942 56 87 95
                 Tel.fijo: 954 45 68 78
                </Extensión_Telefónica> 
              </Empleado>
              <Empleado>
               Uramos Ricargo
                <Puesto>Diseño de sonido de Videojuego</Puesto>
                 <Datos_Personales>
                 Fecha de Nacimiento: 20/03/1999
                 Edad: 23
                 </Datos_Personales>
                <Extensión_Telefónica>
                 Móvil: 938 85 98 62
                 Tel.fijo: 975 69 85 21
                </Extensión_Telefónica> 
              </Empleado>
           </Planta3>
        </numero_de_plantas>
        </dirección>
     </edificio>
     <edificio>
        <dirección>
         Las dos torres de Cristosuko
        <numero_de_plantas>
         3
           <Planta1>
              <Empleado>
               Kamoto Ricana
                <Puesto>Actriz de doblaje</Puesto>
                 <Datos_Personales>
                 Fecha de Nacimiento: 28/03/1994
                 Edad: 27
                 </Datos_Personales>
                <Extensión_Telefónica>
                 Móvil: 986 65 43 81
                 Tel.fijo: 965 27 68 32
                </Extensión_Telefónica> 
              </Empleado>
              <Empleado>
               Ruman Raman
                <Puesto>Productor de Videojuegos</Puesto>
                 <Datos_Personales>
                 Fecha de Nacimiento: 19/04/1998
                 Edad: 23
                 </Datos_Personales>
                <Extensión_Telefónica>
                 Móvil: 968 78 98 54
                 Tel.fijo: 978 75 42 68 
                </Extensión_Telefónica> 
              </Empleado>
              <Empleado>
               Musco remon
                <Puesto>Florero</Puesto>
                 <Datos_Personales>
                 Fecha de Nacimiento: 18/08/1999
                 Edad: 21
                 </Datos_Personales>
                <Extensión_Telefónica>
                 Móvil: 948 78 56 89
                 Tel.fijo: 978 56 21 54
                </Extensión_Telefónica> 
              </Empleado>
              <Empleado>
               Menta Crus
                <Puesto>Técnico</Puesto>
                 <Datos_Personales>
                 Fecha de Nacimiento: 23/04/1982
                 Edad: 39
                 </Datos_Personales>
                <Extensión_Telefónica>
                 Móvil: 976 85 89 03
                 Tel.fijo: 976 78 39 24
                </Extensión_Telefónica> 
              </Empleado>
              <Empleado>
               Turk Nork
               <Puesto>Tester de enemigos de Videojuego</Puesto>
                <Datos_Personales>
                Fecha de Nacimiento: 24/06/1988
                Edad: 32
                </Datos_Personales>
               <Extensión_Telefónica>
                Móvil: 978 45 82 64
                Tel.fijo: 984 58 21 68 
               </Extensión_Telefónica>
              </Empleado>
           </Planta1>
           <Planta2>
              <Empleado>
               Moko Soko
               <Puesto>Guionista</Puesto>
                <Datos_Personales>
                Fecha de Nacimiento: 16/06/1992
                Edad: 28
                </Datos_Personales>
               <Extensión_Telefónica>
                Móvil: 987 78 54 23
                Tel.fijo: 978 54 12 38
               </Extensión_Telefónica>
              </Empleado>
              <Empleado>
               Shisho Shimosiko
               <Puesto>Programación</Puesto>
                <Datos_Personales>
                Fecha de Nacimiento: 24/03/1996
                Edad: 26
                </Datos_Personales>
               <Extensión_Telefónica>
                Móvil: 982 45 68 98
                Tel.fijo: 956 87 54 12
               </Extensión_Telefónica> 
              </Empleado>
              <Empleado>
               Zoko Sucato
               <Puesto>Artista de Videojuegos</Puesto>
                <Datos_Personales>
                Fecha de Nacimiento: 15/03/1998
                Edad: 27
                </Datos_Personales>
               <Extensión_Telefónica>
                Móvil: 985 12 74 35
                Tel.fijo: 975 42 35 99 
              </Empleado>
              <Empleado>
               Xos Xams
               <Puesto>Gestor de Videojuegos</Puesto>
                <Datos_Personales>
                Fecha de Nacimiento: 03/01/1995
                Edad: 26
                </Datos_Personales>
               <Extensión_Telefónica>
                Móvil: 985 48 68 26
                Tel.fijo: 952 36 53 19
               </Extensión_Telefónica> 
              </Empleado>
              <Empleado>
               Ñoa Ñoco
               <Puesto>Diseño Narrativo de videojuego</Puesto>
                <Datos_Personales>
                Fecha de Nacimiento: 02/08/1994
                Edad: 26
                </Datos_Personales>
               <Extensión_Telefónica>
                Móvil: 924 48 68 25
                Tel.fijo: 963 26 35 82
               </Extensión_Telefónica> 
              </Empleado>
           </Planta2>
           <Planta3>
              <Empleado>
               Nuro Obstango
               <Puesto>Director de Marketing</Puesto>
                <Datos_Personales>
                Fecha de Nacimiento: 25/03/1997
                Edad: 24
                </Datos_Personales>
               <Extensión_Telefónica>
                Móvil: 987 15 68 35
                Tel.fijo: 912 36 85 12
               </Extensión_Telefónica> 
              </Empleado>
              <Empleado>
               Mako Hato
               <Puesto>Diseñador de Personaje de Videojuegos</Puesto>
                <Datos_Personales>
                Fecha de Nacimiento: 09/10/2000
                Edad: 20
                </Datos_Personales>
               <Extensión_Telefónica>
                Móvil: 972 15 38 26
                Tel.fijo: 952 36 18 93
               </Extensión_Telefónica> 
              </Empleado>
              <Empleado>
               Runo Sekto
               <Puesto>Artista</Puesto>
                <Datos_Personales>
                Fecha de Nacimiento: 25/02/1990
                Edad: 31
                </Datos_Personales>
               <Extensión_Telefónica>
                Móvil: 974 58 68 24
                Tel.fijo: 972 35 18 68
               </Extensión_Telefónica>
              </Empleado>
              <Empleado>
               Majo Pusho
               <Puesto>Desempleado</Puesto>
                <Datos_Personales>
                Fecha de Nacimiento: 19/05/1980
                Edad: 40
                </Datos_Personales>
               <Extensión_Telefónica>
                Móvil: 984 78 59 62
                Tel.fijo: 945 48 21 68
               </Extensión_Telefónica>  
              </Empleado>
              <Empleado>
               Riks Trackster
               <Puesto>Tester de Fases de Videojuegos</Puesto>
                <Datos_Personales>
                Fecha de Nacimiento: 08/04/1979
                Edad: 42
                </Datos_Personales>
               <Extensión_Telefónica>
                Móvil: 913 68 45 24
                Tel.fijo: 954 12 36 85
               </Extensión_Telefónica> 
              </Empleado>
           </Planta3>
        </numero_de_plantas>
        </dirección>
     </edificio>
</directorio_de_empresa>